Text,Label
This movie was fantastic! The performances were Oscar-worthy.,1
Horrible movie. Waste of time.,0
An excellent film with stunning visuals and a gripping story.,1
I didn't like this movie at all. The plot was predictable.,0
Absolutely loved it! A must-watch for everyone.,1
"The characters were poorly developed, and the dialogues were dull.",0
Amazing direction and great acting!,1
Boring and unoriginal. I regret watching it.,0
A masterpiece. Every scene was beautifully crafted.,1
Terrible script. Not worth the hype.,0
