review,sentiment
"I loved this movie. It was fantastic, full of great performances and a compelling story!",positive
The film was a waste of time. Poor acting and a boring plot.,negative
"An amazing experience, great cinematography, and unforgettable characters. Highly recommended!",positive
Terrible! One of the worst movies I've ever seen. Bad direction and an unconvincing script.,negative
Simply brilliant. It kept me on the edge of my seat from start to finish. Incredible acting!,positive
"Not my kind of movie. The pacing was too slow, and the ending was predictable.",negative
